study,short_study,model_variant,model_type,dataset_name,trial,seed,epoch,adapter_config_name,config_name,version,train_loss,eval_loss,eval_macro_f1,task,av_trial_macro_f1,av_study_macro_f1,av_study_macro_f1_max,av_trial_macro_f1,av_study_macro_f1_max,max_study_macro_f1
dsp_roberta_base_dapt_cs_tapt_sciie_3219_sciie_training_model_v01,DAPT_TAPT,allenai/dsp_roberta_base_dapt_cs_tapt_sciie_3219,model,sciie,4,128,10.0,,finetuning,v01,0.2697292423484349,0.778727114200592,0.8034265137599054,SCIERC,0.8068663938317707,0.8114108950591644,0.815547339244508,0.8068663938317707,0.8114108950591644,0.815547339244508
dsp_roberta_base_dapt_cs_tapt_sciie_3219_sciie_training_model_v01,DAPT_TAPT,allenai/dsp_roberta_base_dapt_cs_tapt_sciie_3219,model,sciie,4,746483,10.0,,finetuning,v01,0.28411858412298824,0.6960934400558472,0.7972621683716764,SCIERC,0.8068663938317707,0.8114108950591644,0.815547339244508,0.8068663938317707,0.8114108950591644,0.815547339244508
dsp_roberta_base_dapt_cs_tapt_sciie_3219_sciie_training_model_v01,DAPT_TAPT,allenai/dsp_roberta_base_dapt_cs_tapt_sciie_3219,model,sciie,4,42,10.0,,finetuning,v01,0.2520321474216952,0.6607471108436584,0.8180566020181441,SCIERC,0.8068663938317707,0.8114108950591644,0.815547339244508,0.8068663938317707,0.8114108950591644,0.815547339244508
dsp_roberta_base_dapt_cs_tapt_sciie_3219_sciie_training_model_v01,DAPT_TAPT,allenai/dsp_roberta_base_dapt_cs_tapt_sciie_3219,model,sciie,4,9091,10.0,,finetuning,v01,0.2792091556114726,0.6453103423118591,0.8158163894580435,SCIERC,0.8068663938317707,0.8114108950591644,0.815547339244508,0.8068663938317707,0.8114108950591644,0.815547339244508
dsp_roberta_base_dapt_cs_tapt_sciie_3219_sciie_training_model_v01,DAPT_TAPT,allenai/dsp_roberta_base_dapt_cs_tapt_sciie_3219,model,sciie,4,8937216,10.0,,finetuning,v01,0.29147391390092303,0.6913925409317017,0.7997702955510839,SCIERC,0.8068663938317707,0.8114108950591644,0.815547339244508,0.8068663938317707,0.8114108950591644,0.815547339244508
dsp_roberta_base_dapt_cs_tapt_sciie_3219_sciie_training_model_v01,DAPT_TAPT,allenai/dsp_roberta_base_dapt_cs_tapt_sciie_3219,model,sciie,0,128,10.0,,finetuning,v01,0.2916857641522247,0.6900894641876221,0.8021130665302297,SCIERC,0.8088218811084834,0.8114108950591644,0.815547339244508,0.8088218811084834,0.8114108950591644,0.815547339244508
dsp_roberta_base_dapt_cs_tapt_sciie_3219_sciie_training_model_v01,DAPT_TAPT,allenai/dsp_roberta_base_dapt_cs_tapt_sciie_3219,model,sciie,0,746483,10.0,,finetuning,v01,0.26833566840332335,0.6079457402229309,0.8289153607527968,SCIERC,0.8088218811084834,0.8114108950591644,0.815547339244508,0.8088218811084834,0.8114108950591644,0.815547339244508
dsp_roberta_base_dapt_cs_tapt_sciie_3219_sciie_training_model_v01,DAPT_TAPT,allenai/dsp_roberta_base_dapt_cs_tapt_sciie_3219,model,sciie,0,42,10.0,,finetuning,v01,0.2937633488437917,0.7082579731941223,0.7983838273073353,SCIERC,0.8088218811084834,0.8114108950591644,0.815547339244508,0.8088218811084834,0.8114108950591644,0.815547339244508
dsp_roberta_base_dapt_cs_tapt_sciie_3219_sciie_training_model_v01,DAPT_TAPT,allenai/dsp_roberta_base_dapt_cs_tapt_sciie_3219,model,sciie,0,9091,10.0,,finetuning,v01,0.2843928044385249,0.6688143610954285,0.8065592065582065,SCIERC,0.8088218811084834,0.8114108950591644,0.815547339244508,0.8088218811084834,0.8114108950591644,0.815547339244508
dsp_roberta_base_dapt_cs_tapt_sciie_3219_sciie_training_model_v01,DAPT_TAPT,allenai/dsp_roberta_base_dapt_cs_tapt_sciie_3219,model,sciie,0,8937216,10.0,,finetuning,v01,0.2878292558216813,0.6890304088592529,0.8081379443938489,SCIERC,0.8088218811084834,0.8114108950591644,0.815547339244508,0.8088218811084834,0.8114108950591644,0.815547339244508
dsp_roberta_base_dapt_cs_tapt_sciie_3219_sciie_training_model_v01,DAPT_TAPT,allenai/dsp_roberta_base_dapt_cs_tapt_sciie_3219,model,sciie,1,128,10.0,,finetuning,v01,0.27422160417726726,0.7280998229980469,0.8029861035024686,SCIERC,0.815547339244508,0.8114108950591644,0.815547339244508,0.815547339244508,0.8114108950591644,0.815547339244508
dsp_roberta_base_dapt_cs_tapt_sciie_3219_sciie_training_model_v01,DAPT_TAPT,allenai/dsp_roberta_base_dapt_cs_tapt_sciie_3219,model,sciie,1,746483,10.0,,finetuning,v01,0.259781818342681,0.6536948680877686,0.8156965118666436,SCIERC,0.815547339244508,0.8114108950591644,0.815547339244508,0.815547339244508,0.8114108950591644,0.815547339244508
dsp_roberta_base_dapt_cs_tapt_sciie_3219_sciie_training_model_v01,DAPT_TAPT,allenai/dsp_roberta_base_dapt_cs_tapt_sciie_3219,model,sciie,1,42,10.0,,finetuning,v01,0.30517008186566946,0.6952836513519287,0.8169671923371108,SCIERC,0.815547339244508,0.8114108950591644,0.815547339244508,0.815547339244508,0.8114108950591644,0.815547339244508
dsp_roberta_base_dapt_cs_tapt_sciie_3219_sciie_training_model_v01,DAPT_TAPT,allenai/dsp_roberta_base_dapt_cs_tapt_sciie_3219,model,sciie,1,9091,10.0,,finetuning,v01,0.27735562973683425,0.6636227369308472,0.8202572168772141,SCIERC,0.815547339244508,0.8114108950591644,0.815547339244508,0.815547339244508,0.8114108950591644,0.815547339244508
dsp_roberta_base_dapt_cs_tapt_sciie_3219_sciie_training_model_v01,DAPT_TAPT,allenai/dsp_roberta_base_dapt_cs_tapt_sciie_3219,model,sciie,1,8937216,10.0,,finetuning,v01,0.26913987303724385,0.6796024441719055,0.8218296716391027,SCIERC,0.815547339244508,0.8114108950591644,0.815547339244508,0.815547339244508,0.8114108950591644,0.815547339244508
dsp_roberta_base_dapt_cs_tapt_sciie_3219_sciie_training_model_v01,DAPT_TAPT,allenai/dsp_roberta_base_dapt_cs_tapt_sciie_3219,model,sciie,2,128,10.0,,finetuning,v01,0.2791575276025451,0.6716773509979248,0.8241630932350558,SCIERC,0.814161083269284,0.8114108950591644,0.815547339244508,0.814161083269284,0.8114108950591644,0.815547339244508
dsp_roberta_base_dapt_cs_tapt_sciie_3219_sciie_training_model_v01,DAPT_TAPT,allenai/dsp_roberta_base_dapt_cs_tapt_sciie_3219,model,sciie,2,746483,10.0,,finetuning,v01,0.2793279754053248,0.6802718043327332,0.8059933799333564,SCIERC,0.814161083269284,0.8114108950591644,0.815547339244508,0.814161083269284,0.8114108950591644,0.815547339244508
dsp_roberta_base_dapt_cs_tapt_sciie_3219_sciie_training_model_v01,DAPT_TAPT,allenai/dsp_roberta_base_dapt_cs_tapt_sciie_3219,model,sciie,2,42,10.0,,finetuning,v01,0.2748740809978825,0.7062433362007141,0.8046673241491012,SCIERC,0.814161083269284,0.8114108950591644,0.815547339244508,0.814161083269284,0.8114108950591644,0.815547339244508
dsp_roberta_base_dapt_cs_tapt_sciie_3219_sciie_training_model_v01,DAPT_TAPT,allenai/dsp_roberta_base_dapt_cs_tapt_sciie_3219,model,sciie,2,9091,10.0,,finetuning,v01,0.279052742519001,0.6424657702445984,0.8193075287388234,SCIERC,0.814161083269284,0.8114108950591644,0.815547339244508,0.814161083269284,0.8114108950591644,0.815547339244508
dsp_roberta_base_dapt_cs_tapt_sciie_3219_sciie_training_model_v01,DAPT_TAPT,allenai/dsp_roberta_base_dapt_cs_tapt_sciie_3219,model,sciie,2,8937216,10.0,,finetuning,v01,0.2845247474047217,0.6596245765686035,0.8166740902900841,SCIERC,0.814161083269284,0.8114108950591644,0.815547339244508,0.814161083269284,0.8114108950591644,0.815547339244508
dsp_roberta_base_dapt_cs_tapt_sciie_3219_sciie_training_model_v01,DAPT_TAPT,allenai/dsp_roberta_base_dapt_cs_tapt_sciie_3219,model,sciie,3,128,10.0,,finetuning,v01,0.28731298517472675,0.6696944832801819,0.8133073868410106,SCIERC,0.811657777841776,0.8114108950591644,0.815547339244508,0.811657777841776,0.8114108950591644,0.815547339244508
dsp_roberta_base_dapt_cs_tapt_sciie_3219_sciie_training_model_v01,DAPT_TAPT,allenai/dsp_roberta_base_dapt_cs_tapt_sciie_3219,model,sciie,3,746483,10.0,,finetuning,v01,0.26087974321724167,0.7749772667884827,0.8030332163288456,SCIERC,0.811657777841776,0.8114108950591644,0.815547339244508,0.811657777841776,0.8114108950591644,0.815547339244508
dsp_roberta_base_dapt_cs_tapt_sciie_3219_sciie_training_model_v01,DAPT_TAPT,allenai/dsp_roberta_base_dapt_cs_tapt_sciie_3219,model,sciie,3,42,10.0,,finetuning,v01,0.2900970952345593,0.6075605750083923,0.8314773726606332,SCIERC,0.811657777841776,0.8114108950591644,0.815547339244508,0.811657777841776,0.8114108950591644,0.815547339244508
dsp_roberta_base_dapt_cs_tapt_sciie_3219_sciie_training_model_v01,DAPT_TAPT,allenai/dsp_roberta_base_dapt_cs_tapt_sciie_3219,model,sciie,3,9091,10.0,,finetuning,v01,0.28187982233444064,0.7027367949485779,0.7977951913192473,SCIERC,0.811657777841776,0.8114108950591644,0.815547339244508,0.811657777841776,0.8114108950591644,0.815547339244508
dsp_roberta_base_dapt_cs_tapt_sciie_3219_sciie_training_model_v01,DAPT_TAPT,allenai/dsp_roberta_base_dapt_cs_tapt_sciie_3219,model,sciie,3,8937216,10.0,,finetuning,v01,0.27333868352493434,0.7010404467582703,0.8126757220591433,SCIERC,0.811657777841776,0.8114108950591644,0.815547339244508,0.811657777841776,0.8114108950591644,0.815547339244508
cs_roberta_base_citation_intent_training_model_v01,DAPT,allenai/cs_roberta_base,model,citation_intent,4,128,10.0,,finetuning,v01,0.4009434623538323,0.9073762893676758,0.7403547855741269,ACL-ARC,0.7241872133969998,0.7260945995767076,0.7465411632955493,0.7241872133969998,0.7260945995767076,0.7465411632955493
cs_roberta_base_citation_intent_training_model_v01,DAPT,allenai/cs_roberta_base,model,citation_intent,4,746483,10.0,,finetuning,v01,0.43222676762994733,0.8531632423400879,0.7336931596044897,ACL-ARC,0.7241872133969998,0.7260945995767076,0.7465411632955493,0.7241872133969998,0.7260945995767076,0.7465411632955493
cs_roberta_base_citation_intent_training_model_v01,DAPT,allenai/cs_roberta_base,model,citation_intent,4,42,10.0,,finetuning,v01,0.4556546868018384,0.9270285367965698,0.7067345481903248,ACL-ARC,0.7241872133969998,0.7260945995767076,0.7465411632955493,0.7241872133969998,0.7260945995767076,0.7465411632955493
cs_roberta_base_citation_intent_training_model_v01,DAPT,allenai/cs_roberta_base,model,citation_intent,4,9091,10.0,,finetuning,v01,0.49648811322338177,0.8760461807250977,0.7016686592568463,ACL-ARC,0.7241872133969998,0.7260945995767076,0.7465411632955493,0.7241872133969998,0.7260945995767076,0.7465411632955493
cs_roberta_base_citation_intent_training_model_v01,DAPT,allenai/cs_roberta_base,model,citation_intent,4,8937216,10.0,,finetuning,v01,0.4964235044875235,0.8179075121879578,0.7384849143592113,ACL-ARC,0.7241872133969998,0.7260945995767076,0.7465411632955493,0.7241872133969998,0.7260945995767076,0.7465411632955493
cs_roberta_base_citation_intent_training_model_v01,DAPT,allenai/cs_roberta_base,model,citation_intent,0,128,10.0,,finetuning,v01,0.42215378059531156,0.7911995053291321,0.7661404771698889,ACL-ARC,0.7325804280779249,0.7260945995767076,0.7465411632955493,0.7325804280779249,0.7260945995767076,0.7465411632955493
cs_roberta_base_citation_intent_training_model_v01,DAPT,allenai/cs_roberta_base,model,citation_intent,0,746483,10.0,,finetuning,v01,0.45133564067336746,0.8629090785980225,0.6936796536796536,ACL-ARC,0.7325804280779249,0.7260945995767076,0.7465411632955493,0.7325804280779249,0.7260945995767076,0.7465411632955493
cs_roberta_base_citation_intent_training_model_v01,DAPT,allenai/cs_roberta_base,model,citation_intent,0,42,10.0,,finetuning,v01,0.46698316808016793,0.9369814395904541,0.7252674283024722,ACL-ARC,0.7325804280779249,0.7260945995767076,0.7465411632955493,0.7325804280779249,0.7260945995767076,0.7465411632955493
cs_roberta_base_citation_intent_training_model_v01,DAPT,allenai/cs_roberta_base,model,citation_intent,0,9091,10.0,,finetuning,v01,0.44136962620717174,0.8385061025619507,0.7638796014859844,ACL-ARC,0.7325804280779249,0.7260945995767076,0.7465411632955493,0.7325804280779249,0.7260945995767076,0.7465411632955493
cs_roberta_base_citation_intent_training_model_v01,DAPT,allenai/cs_roberta_base,model,citation_intent,0,8937216,10.0,,finetuning,v01,0.4375408667438435,0.9347341060638428,0.7139349797516257,ACL-ARC,0.7325804280779249,0.7260945995767076,0.7465411632955493,0.7325804280779249,0.7260945995767076,0.7465411632955493
cs_roberta_base_citation_intent_training_model_v01,DAPT,allenai/cs_roberta_base,model,citation_intent,1,128,10.0,,finetuning,v01,0.43147809910324386,0.8075189590454102,0.8035475555691188,ACL-ARC,0.7465411632955493,0.7260945995767076,0.7465411632955493,0.7465411632955493,0.7260945995767076,0.7465411632955493
cs_roberta_base_citation_intent_training_model_v01,DAPT,allenai/cs_roberta_base,model,citation_intent,1,746483,10.0,,finetuning,v01,0.4572286425896411,0.8998912572860718,0.7236353580640071,ACL-ARC,0.7465411632955493,0.7260945995767076,0.7465411632955493,0.7465411632955493,0.7260945995767076,0.7465411632955493
cs_roberta_base_citation_intent_training_model_v01,DAPT,allenai/cs_roberta_base,model,citation_intent,1,42,10.0,,finetuning,v01,0.46627384401717276,0.8540075421333313,0.7313022843757081,ACL-ARC,0.7465411632955493,0.7260945995767076,0.7465411632955493,0.7465411632955493,0.7260945995767076,0.7465411632955493
cs_roberta_base_citation_intent_training_model_v01,DAPT,allenai/cs_roberta_base,model,citation_intent,1,9091,10.0,,finetuning,v01,0.4510445495821395,0.8181042075157166,0.7483871736230228,ACL-ARC,0.7465411632955493,0.7260945995767076,0.7465411632955493,0.7465411632955493,0.7260945995767076,0.7465411632955493
cs_roberta_base_citation_intent_training_model_v01,DAPT,allenai/cs_roberta_base,model,citation_intent,1,8937216,10.0,,finetuning,v01,0.46001482369764796,0.9376523494720459,0.7258334448458896,ACL-ARC,0.7465411632955493,0.7260945995767076,0.7465411632955493,0.7465411632955493,0.7260945995767076,0.7465411632955493
cs_roberta_base_citation_intent_training_model_v01,DAPT,allenai/cs_roberta_base,model,citation_intent,2,128,10.0,,finetuning,v01,0.4207595042462619,0.947959303855896,0.7010051495345614,ACL-ARC,0.7124408083730855,0.7260945995767076,0.7465411632955493,0.7124408083730855,0.7260945995767076,0.7465411632955493
cs_roberta_base_citation_intent_training_model_v01,DAPT,allenai/cs_roberta_base,model,citation_intent,2,746483,10.0,,finetuning,v01,0.44032756247610416,0.8777923583984375,0.7206180919460596,ACL-ARC,0.7124408083730855,0.7260945995767076,0.7465411632955493,0.7124408083730855,0.7260945995767076,0.7465411632955493
cs_roberta_base_citation_intent_training_model_v01,DAPT,allenai/cs_roberta_base,model,citation_intent,2,42,10.0,,finetuning,v01,0.4874501030400114,0.8369203209877014,0.6885924521487903,ACL-ARC,0.7124408083730855,0.7260945995767076,0.7465411632955493,0.7124408083730855,0.7260945995767076,0.7465411632955493
cs_roberta_base_citation_intent_training_model_v01,DAPT,allenai/cs_roberta_base,model,citation_intent,2,9091,10.0,,finetuning,v01,0.4364547459584362,0.8158963918685913,0.7580625229573207,ACL-ARC,0.7124408083730855,0.7260945995767076,0.7465411632955493,0.7124408083730855,0.7260945995767076,0.7465411632955493
cs_roberta_base_citation_intent_training_model_v01,DAPT,allenai/cs_roberta_base,model,citation_intent,2,8937216,10.0,,finetuning,v01,0.44714625646483225,1.0064117908477783,0.6939258252786956,ACL-ARC,0.7124408083730855,0.7260945995767076,0.7465411632955493,0.7124408083730855,0.7260945995767076,0.7465411632955493
cs_roberta_base_citation_intent_training_model_v01,DAPT,allenai/cs_roberta_base,model,citation_intent,3,128,10.0,,finetuning,v01,0.4284999856409037,0.9196121692657471,0.6793594727068326,ACL-ARC,0.7147233847399785,0.7260945995767076,0.7465411632955493,0.7147233847399785,0.7260945995767076,0.7465411632955493
cs_roberta_base_citation_intent_training_model_v01,DAPT,allenai/cs_roberta_base,model,citation_intent,3,746483,10.0,,finetuning,v01,0.40178863867273873,0.8642170429229736,0.7663195333617868,ACL-ARC,0.7147233847399785,0.7260945995767076,0.7465411632955493,0.7147233847399785,0.7260945995767076,0.7465411632955493
cs_roberta_base_citation_intent_training_model_v01,DAPT,allenai/cs_roberta_base,model,citation_intent,3,42,10.0,,finetuning,v01,0.4360531932902786,0.8201928734779358,0.7457156352391777,ACL-ARC,0.7147233847399785,0.7260945995767076,0.7465411632955493,0.7147233847399785,0.7260945995767076,0.7465411632955493
cs_roberta_base_citation_intent_training_model_v01,DAPT,allenai/cs_roberta_base,model,citation_intent,3,9091,10.0,,finetuning,v01,0.4766416153817807,0.9054704904556274,0.6821982063116816,ACL-ARC,0.7147233847399785,0.7260945995767076,0.7465411632955493,0.7147233847399785,0.7260945995767076,0.7465411632955493
cs_roberta_base_citation_intent_training_model_v01,DAPT,allenai/cs_roberta_base,model,citation_intent,3,8937216,10.0,,finetuning,v01,0.41982181297158294,0.9208072423934937,0.7000240760804141,ACL-ARC,0.7147233847399785,0.7260945995767076,0.7465411632955493,0.7147233847399785,0.7260945995767076,0.7465411632955493
cs_roberta_base_sciie_training_model_v01,DAPT,allenai/cs_roberta_base,model,sciie,4,128,10.0,,finetuning,v01,0.23953853172831016,0.6889224052429199,0.8292577770236981,SCIERC,0.8307519833347484,0.8191087016532455,0.8307519833347484,0.8307519833347484,0.8191087016532455,0.8307519833347484
cs_roberta_base_sciie_training_model_v01,DAPT,allenai/cs_roberta_base,model,sciie,4,746483,10.0,,finetuning,v01,0.21927744704898042,0.5972720384597778,0.850686549590985,SCIERC,0.8307519833347484,0.8191087016532455,0.8307519833347484,0.8307519833347484,0.8191087016532455,0.8307519833347484
cs_roberta_base_sciie_training_model_v01,DAPT,allenai/cs_roberta_base,model,sciie,4,42,10.0,,finetuning,v01,0.24563287508369672,0.6803297996520996,0.8214087821888348,SCIERC,0.8307519833347484,0.8191087016532455,0.8307519833347484,0.8307519833347484,0.8191087016532455,0.8307519833347484
cs_roberta_base_sciie_training_model_v01,DAPT,allenai/cs_roberta_base,model,sciie,4,9091,10.0,,finetuning,v01,0.26183666781623766,0.601691722869873,0.8240867728047837,SCIERC,0.8307519833347484,0.8191087016532455,0.8307519833347484,0.8307519833347484,0.8191087016532455,0.8307519833347484
cs_roberta_base_sciie_training_model_v01,DAPT,allenai/cs_roberta_base,model,sciie,4,8937216,10.0,,finetuning,v01,0.23987979983339217,0.6392418146133423,0.8283200350654402,SCIERC,0.8307519833347484,0.8191087016532455,0.8307519833347484,0.8307519833347484,0.8191087016532455,0.8307519833347484
cs_roberta_base_sciie_training_model_v01,DAPT,allenai/cs_roberta_base,model,sciie,0,128,10.0,,finetuning,v01,0.24713347725348897,0.6601362228393555,0.8211956540375204,SCIERC,0.8246369680162356,0.8191087016532455,0.8307519833347484,0.8246369680162356,0.8191087016532455,0.8307519833347484
cs_roberta_base_sciie_training_model_v01,DAPT,allenai/cs_roberta_base,model,sciie,0,746483,10.0,,finetuning,v01,0.2229064672300131,0.6151401400566101,0.8370616284576186,SCIERC,0.8246369680162356,0.8191087016532455,0.8307519833347484,0.8246369680162356,0.8191087016532455,0.8307519833347484
cs_roberta_base_sciie_training_model_v01,DAPT,allenai/cs_roberta_base,model,sciie,0,42,10.0,,finetuning,v01,0.22612251208560302,0.6395487189292908,0.8262023765487562,SCIERC,0.8246369680162356,0.8191087016532455,0.8307519833347484,0.8246369680162356,0.8191087016532455,0.8307519833347484
cs_roberta_base_sciie_training_model_v01,DAPT,allenai/cs_roberta_base,model,sciie,0,9091,10.0,,finetuning,v01,0.25408430347348204,0.6465266346931458,0.828162812742957,SCIERC,0.8246369680162356,0.8191087016532455,0.8307519833347484,0.8246369680162356,0.8191087016532455,0.8307519833347484
cs_roberta_base_sciie_training_model_v01,DAPT,allenai/cs_roberta_base,model,sciie,0,8937216,10.0,,finetuning,v01,0.24781368038441876,0.6991330981254578,0.8105623682943264,SCIERC,0.8246369680162356,0.8191087016532455,0.8307519833347484,0.8246369680162356,0.8191087016532455,0.8307519833347484
cs_roberta_base_sciie_training_model_v01,DAPT,allenai/cs_roberta_base,model,sciie,1,128,10.0,,finetuning,v01,0.24562159103922324,0.6717703342437744,0.8131715388294368,SCIERC,0.8176089739787942,0.8191087016532455,0.8307519833347484,0.8176089739787942,0.8191087016532455,0.8307519833347484
cs_roberta_base_sciie_training_model_v01,DAPT,allenai/cs_roberta_base,model,sciie,1,746483,10.0,,finetuning,v01,0.23389079499952864,0.6189327836036682,0.8239561878717426,SCIERC,0.8176089739787942,0.8191087016532455,0.8307519833347484,0.8176089739787942,0.8191087016532455,0.8307519833347484
cs_roberta_base_sciie_training_model_v01,DAPT,allenai/cs_roberta_base,model,sciie,1,42,10.0,,finetuning,v01,0.23248302381817657,0.6737100481987,0.8185332297156205,SCIERC,0.8176089739787942,0.8191087016532455,0.8307519833347484,0.8176089739787942,0.8191087016532455,0.8307519833347484
cs_roberta_base_sciie_training_model_v01,DAPT,allenai/cs_roberta_base,model,sciie,1,9091,10.0,,finetuning,v01,0.23933865823368033,0.6349581480026245,0.8198367885111221,SCIERC,0.8176089739787942,0.8191087016532455,0.8307519833347484,0.8176089739787942,0.8191087016532455,0.8307519833347484
cs_roberta_base_sciie_training_model_v01,DAPT,allenai/cs_roberta_base,model,sciie,1,8937216,10.0,,finetuning,v01,0.24210936562849744,0.6798209547996521,0.8125471249660488,SCIERC,0.8176089739787942,0.8191087016532455,0.8307519833347484,0.8176089739787942,0.8191087016532455,0.8307519833347484
cs_roberta_base_sciie_training_model_v01,DAPT,allenai/cs_roberta_base,model,sciie,2,128,10.0,,finetuning,v01,0.2426904020923199,0.7024362087249756,0.8112888153327666,SCIERC,0.812772520226518,0.8191087016532455,0.8307519833347484,0.812772520226518,0.8191087016532455,0.8307519833347484
cs_roberta_base_sciie_training_model_v01,DAPT,allenai/cs_roberta_base,model,sciie,2,746483,10.0,,finetuning,v01,0.2139398407227922,0.655367910861969,0.8256752580467511,SCIERC,0.812772520226518,0.8191087016532455,0.8307519833347484,0.812772520226518,0.8191087016532455,0.8307519833347484
cs_roberta_base_sciie_training_model_v01,DAPT,allenai/cs_roberta_base,model,sciie,2,42,10.0,,finetuning,v01,0.24717334744953873,0.7258700728416443,0.8058435673161515,SCIERC,0.812772520226518,0.8191087016532455,0.8307519833347484,0.812772520226518,0.8191087016532455,0.8307519833347484
cs_roberta_base_sciie_training_model_v01,DAPT,allenai/cs_roberta_base,model,sciie,2,9091,10.0,,finetuning,v01,0.2517489148838685,0.7034598588943481,0.8038079683039306,SCIERC,0.812772520226518,0.8191087016532455,0.8307519833347484,0.812772520226518,0.8191087016532455,0.8307519833347484
cs_roberta_base_sciie_training_model_v01,DAPT,allenai/cs_roberta_base,model,sciie,2,8937216,10.0,,finetuning,v01,0.25145420945516905,0.6492047905921936,0.81724699213299,SCIERC,0.812772520226518,0.8191087016532455,0.8307519833347484,0.812772520226518,0.8191087016532455,0.8307519833347484
cs_roberta_base_sciie_training_model_v01,DAPT,allenai/cs_roberta_base,model,sciie,3,128,10.0,,finetuning,v01,0.2564730582850994,0.6683371067047119,0.8014370130554145,SCIERC,0.809773062709931,0.8191087016532455,0.8307519833347484,0.809773062709931,0.8191087016532455,0.8307519833347484
cs_roberta_base_sciie_training_model_v01,DAPT,allenai/cs_roberta_base,model,sciie,3,746483,10.0,,finetuning,v01,0.25326359260200276,0.6112561821937561,0.8276831260376001,SCIERC,0.809773062709931,0.8191087016532455,0.8307519833347484,0.809773062709931,0.8191087016532455,0.8307519833347484
cs_roberta_base_sciie_training_model_v01,DAPT,allenai/cs_roberta_base,model,sciie,3,42,10.0,,finetuning,v01,0.24781466569050703,0.6610843539237976,0.804325298169868,SCIERC,0.809773062709931,0.8191087016532455,0.8307519833347484,0.809773062709931,0.8191087016532455,0.8307519833347484
cs_roberta_base_sciie_training_model_v01,DAPT,allenai/cs_roberta_base,model,sciie,3,9091,10.0,,finetuning,v01,0.24127493388581983,0.6659334301948547,0.8161017863857156,SCIERC,0.809773062709931,0.8191087016532455,0.8307519833347484,0.809773062709931,0.8191087016532455,0.8307519833347484
cs_roberta_base_sciie_training_model_v01,DAPT,allenai/cs_roberta_base,model,sciie,3,8937216,10.0,,finetuning,v01,0.2680455245593987,0.7179918885231018,0.799318089901057,SCIERC,0.809773062709931,0.8191087016532455,0.8307519833347484,0.809773062709931,0.8191087016532455,0.8307519833347484
roberta-base_citation_intent_training_model_v01,ROBERTA,roberta-base,model,citation_intent,4,128,10.0,,finetuning,v01,0.5386316443389316,1.0124964714050293,0.6740354525648643,ACL-ARC,0.6500317753867162,0.6566898452323588,0.663377522799207,0.6500317753867162,0.6566898452323588,0.663377522799207
roberta-base_citation_intent_training_model_v01,ROBERTA,roberta-base,model,citation_intent,4,746483,10.0,,finetuning,v01,0.45512363955659685,1.0742093324661255,0.6883812483812485,ACL-ARC,0.6500317753867162,0.6566898452323588,0.663377522799207,0.6500317753867162,0.6566898452323588,0.663377522799207
roberta-base_citation_intent_training_model_v01,ROBERTA,roberta-base,model,citation_intent,4,42,10.0,,finetuning,v01,0.4544229687384839,1.031150460243225,0.6455362538695871,ACL-ARC,0.6500317753867162,0.6566898452323588,0.663377522799207,0.6500317753867162,0.6566898452323588,0.663377522799207
roberta-base_citation_intent_training_model_v01,ROBERTA,roberta-base,model,citation_intent,4,9091,10.0,,finetuning,v01,0.4569518818045562,0.9002909064292908,0.6481879349964456,ACL-ARC,0.6500317753867162,0.6566898452323588,0.663377522799207,0.6500317753867162,0.6566898452323588,0.663377522799207
roberta-base_citation_intent_training_model_v01,ROBERTA,roberta-base,model,citation_intent,4,8937216,10.0,,finetuning,v01,0.4397015544603456,1.1761515140533447,0.5940179871214354,ACL-ARC,0.6500317753867162,0.6566898452323588,0.663377522799207,0.6500317753867162,0.6566898452323588,0.663377522799207
roberta-base_citation_intent_training_model_v01,ROBERTA,roberta-base,model,citation_intent,0,128,10.0,,finetuning,v01,0.47230721509681556,0.8149445652961731,0.6889478114478115,ACL-ARC,0.663377522799207,0.6566898452323588,0.663377522799207,0.663377522799207,0.6566898452323588,0.663377522799207
roberta-base_citation_intent_training_model_v01,ROBERTA,roberta-base,model,citation_intent,0,746483,10.0,,finetuning,v01,0.4282319554742777,0.9686610698699951,0.72691018847792,ACL-ARC,0.663377522799207,0.6566898452323588,0.663377522799207,0.663377522799207,0.6566898452323588,0.663377522799207
roberta-base_citation_intent_training_model_v01,ROBERTA,roberta-base,model,citation_intent,0,42,10.0,,finetuning,v01,0.437277064233456,0.9228235483169556,0.6632882368176485,ACL-ARC,0.663377522799207,0.6566898452323588,0.663377522799207,0.663377522799207,0.6566898452323588,0.663377522799207
roberta-base_citation_intent_training_model_v01,ROBERTA,roberta-base,model,citation_intent,0,9091,10.0,,finetuning,v01,0.5084575788030085,0.973532497882843,0.6244331065759637,ACL-ARC,0.663377522799207,0.6566898452323588,0.663377522799207,0.663377522799207,0.6566898452323588,0.663377522799207
roberta-base_citation_intent_training_model_v01,ROBERTA,roberta-base,model,citation_intent,0,8937216,10.0,,finetuning,v01,0.48335589912702454,0.9539762139320374,0.6133082706766917,ACL-ARC,0.663377522799207,0.6566898452323588,0.663377522799207,0.663377522799207,0.6566898452323588,0.663377522799207
roberta-base_citation_intent_training_model_v01,ROBERTA,roberta-base,model,citation_intent,1,128,10.0,,finetuning,v01,0.4642580302256458,0.9681691527366638,0.6701840725222019,ACL-ARC,0.6565908633785265,0.6566898452323588,0.663377522799207,0.6565908633785265,0.6566898452323588,0.663377522799207
roberta-base_citation_intent_training_model_v01,ROBERTA,roberta-base,model,citation_intent,1,746483,10.0,,finetuning,v01,0.4740332378531402,0.9648581147193909,0.6622713228347031,ACL-ARC,0.6565908633785265,0.6566898452323588,0.663377522799207,0.6565908633785265,0.6566898452323588,0.663377522799207
roberta-base_citation_intent_training_model_v01,ROBERTA,roberta-base,model,citation_intent,1,42,10.0,,finetuning,v01,0.4382825572535677,1.0720278024673462,0.6392055239990159,ACL-ARC,0.6565908633785265,0.6566898452323588,0.663377522799207,0.6565908633785265,0.6566898452323588,0.663377522799207
roberta-base_citation_intent_training_model_v01,ROBERTA,roberta-base,model,citation_intent,1,9091,10.0,,finetuning,v01,0.4570766008125161,0.9018247127532959,0.6577617319969323,ACL-ARC,0.6565908633785265,0.6566898452323588,0.663377522799207,0.6565908633785265,0.6566898452323588,0.663377522799207
roberta-base_citation_intent_training_model_v01,ROBERTA,roberta-base,model,citation_intent,1,8937216,10.0,,finetuning,v01,0.4487414135123199,1.0495245456695557,0.6535316655397791,ACL-ARC,0.6565908633785265,0.6566898452323588,0.663377522799207,0.6565908633785265,0.6566898452323588,0.663377522799207
roberta-base_citation_intent_training_model_v01,ROBERTA,roberta-base,model,citation_intent,2,128,10.0,,finetuning,v01,0.48168106079101564,1.0681909322738647,0.6486545969739247,ACL-ARC,0.6601076851284453,0.6566898452323588,0.663377522799207,0.6601076851284453,0.6566898452323588,0.663377522799207
roberta-base_citation_intent_training_model_v01,ROBERTA,roberta-base,model,citation_intent,2,746483,10.0,,finetuning,v01,0.4852370361112199,0.9931969046592712,0.6133347355543987,ACL-ARC,0.6601076851284453,0.6566898452323588,0.663377522799207,0.6601076851284453,0.6566898452323588,0.663377522799207
roberta-base_citation_intent_training_model_v01,ROBERTA,roberta-base,model,citation_intent,2,42,10.0,,finetuning,v01,0.430543359720482,1.0806939601898193,0.6911111111111111,ACL-ARC,0.6601076851284453,0.6566898452323588,0.663377522799207,0.6601076851284453,0.6566898452323588,0.663377522799207
roberta-base_citation_intent_training_model_v01,ROBERTA,roberta-base,model,citation_intent,2,9091,10.0,,finetuning,v01,0.4631349122749185,0.8376646041870117,0.6929026362317976,ACL-ARC,0.6601076851284453,0.6566898452323588,0.663377522799207,0.6601076851284453,0.6566898452323588,0.663377522799207
roberta-base_citation_intent_training_model_v01,ROBERTA,roberta-base,model,citation_intent,2,8937216,10.0,,finetuning,v01,0.4816740890718856,0.9202829003334045,0.6545353457709949,ACL-ARC,0.6601076851284453,0.6566898452323588,0.663377522799207,0.6601076851284453,0.6566898452323588,0.663377522799207
roberta-base_citation_intent_training_model_v01,ROBERTA,roberta-base,model,citation_intent,3,128,10.0,,finetuning,v01,0.48260213114180656,1.0515315532684326,0.6259300961764016,ACL-ARC,0.6533413794688994,0.6566898452323588,0.663377522799207,0.6533413794688994,0.6566898452323588,0.663377522799207
roberta-base_citation_intent_training_model_v01,ROBERTA,roberta-base,model,citation_intent,3,746483,10.0,,finetuning,v01,0.4884079096452245,1.0388511419296265,0.64495104299702,ACL-ARC,0.6533413794688994,0.6566898452323588,0.663377522799207,0.6533413794688994,0.6566898452323588,0.663377522799207
roberta-base_citation_intent_training_model_v01,ROBERTA,roberta-base,model,citation_intent,3,42,10.0,,finetuning,v01,0.4442210188451803,0.9328760504722595,0.7003575070690214,ACL-ARC,0.6533413794688994,0.6566898452323588,0.663377522799207,0.6533413794688994,0.6566898452323588,0.663377522799207
roberta-base_citation_intent_training_model_v01,ROBERTA,roberta-base,model,citation_intent,3,9091,10.0,,finetuning,v01,0.46194982888563624,0.8939518332481384,0.6718189478752858,ACL-ARC,0.6533413794688994,0.6566898452323588,0.663377522799207,0.6533413794688994,0.6566898452323588,0.663377522799207
roberta-base_citation_intent_training_model_v01,ROBERTA,roberta-base,model,citation_intent,3,8937216,10.0,,finetuning,v01,0.4740743088272383,1.0492023229599,0.623649303226768,ACL-ARC,0.6533413794688994,0.6566898452323588,0.663377522799207,0.6533413794688994,0.6566898452323588,0.663377522799207
dsp_roberta_base_dapt_cs_tapt_citation_intent_1688_citation_intent_training_model_v01,DAPT_TAPT,allenai/dsp_roberta_base_dapt_cs_tapt_citation_intent_1688,model,citation_intent,4,128,10.0,,finetuning,v01,0.36861674200813727,0.9084108471870422,0.7264665286404416,ACL-ARC,0.7296979647162538,0.7378183031004973,0.7489438502531613,0.7296979647162538,0.7378183031004973,0.7489438502531613
dsp_roberta_base_dapt_cs_tapt_citation_intent_1688_citation_intent_training_model_v01,DAPT_TAPT,allenai/dsp_roberta_base_dapt_cs_tapt_citation_intent_1688,model,citation_intent,4,746483,10.0,,finetuning,v01,0.37050707070332656,0.8624159097671509,0.7360710670305872,ACL-ARC,0.7296979647162538,0.7378183031004973,0.7489438502531613,0.7296979647162538,0.7378183031004973,0.7489438502531613
dsp_roberta_base_dapt_cs_tapt_citation_intent_1688_citation_intent_training_model_v01,DAPT_TAPT,allenai/dsp_roberta_base_dapt_cs_tapt_citation_intent_1688,model,citation_intent,4,42,10.0,,finetuning,v01,0.3754331417803494,0.8720818161964417,0.7550187907330764,ACL-ARC,0.7296979647162538,0.7378183031004973,0.7489438502531613,0.7296979647162538,0.7378183031004973,0.7489438502531613
dsp_roberta_base_dapt_cs_tapt_citation_intent_1688_citation_intent_training_model_v01,DAPT_TAPT,allenai/dsp_roberta_base_dapt_cs_tapt_citation_intent_1688,model,citation_intent,4,9091,10.0,,finetuning,v01,0.37706598785688294,0.9601638317108154,0.7393266718494682,ACL-ARC,0.7296979647162538,0.7378183031004973,0.7489438502531613,0.7296979647162538,0.7378183031004973,0.7489438502531613
dsp_roberta_base_dapt_cs_tapt_citation_intent_1688_citation_intent_training_model_v01,DAPT_TAPT,allenai/dsp_roberta_base_dapt_cs_tapt_citation_intent_1688,model,citation_intent,4,8937216,10.0,,finetuning,v01,0.3769585703903774,0.9913687705993652,0.6916067653276956,ACL-ARC,0.7296979647162538,0.7378183031004973,0.7489438502531613,0.7296979647162538,0.7378183031004973,0.7489438502531613
dsp_roberta_base_dapt_cs_tapt_citation_intent_1688_citation_intent_training_model_v01,DAPT_TAPT,allenai/dsp_roberta_base_dapt_cs_tapt_citation_intent_1688,model,citation_intent,0,128,10.0,,finetuning,v01,0.3828355240371992,0.9104426503181458,0.7519519519519519,ACL-ARC,0.7278621751277077,0.7378183031004973,0.7489438502531613,0.7278621751277077,0.7378183031004973,0.7489438502531613
dsp_roberta_base_dapt_cs_tapt_citation_intent_1688_citation_intent_training_model_v01,DAPT_TAPT,allenai/dsp_roberta_base_dapt_cs_tapt_citation_intent_1688,model,citation_intent,0,746483,10.0,,finetuning,v01,0.364994644668867,0.8905205726623535,0.734897010987471,ACL-ARC,0.7278621751277077,0.7378183031004973,0.7489438502531613,0.7278621751277077,0.7378183031004973,0.7489438502531613
dsp_roberta_base_dapt_cs_tapt_citation_intent_1688_citation_intent_training_model_v01,DAPT_TAPT,allenai/dsp_roberta_base_dapt_cs_tapt_citation_intent_1688,model,citation_intent,0,42,10.0,,finetuning,v01,0.35323619662590744,0.9807904958724976,0.7240544536193881,ACL-ARC,0.7278621751277077,0.7378183031004973,0.7489438502531613,0.7278621751277077,0.7378183031004973,0.7489438502531613
dsp_roberta_base_dapt_cs_tapt_citation_intent_1688_citation_intent_training_model_v01,DAPT_TAPT,allenai/dsp_roberta_base_dapt_cs_tapt_citation_intent_1688,model,citation_intent,0,9091,10.0,,finetuning,v01,0.3699971653380484,0.9673082232475281,0.6912320483749056,ACL-ARC,0.7278621751277077,0.7378183031004973,0.7489438502531613,0.7278621751277077,0.7378183031004973,0.7489438502531613
dsp_roberta_base_dapt_cs_tapt_citation_intent_1688_citation_intent_training_model_v01,DAPT_TAPT,allenai/dsp_roberta_base_dapt_cs_tapt_citation_intent_1688,model,citation_intent,0,8937216,10.0,,finetuning,v01,0.3681832399008409,0.8986701965332031,0.7371754107048223,ACL-ARC,0.7278621751277077,0.7378183031004973,0.7489438502531613,0.7278621751277077,0.7378183031004973,0.7489438502531613
dsp_roberta_base_dapt_cs_tapt_citation_intent_1688_citation_intent_training_model_v01,DAPT_TAPT,allenai/dsp_roberta_base_dapt_cs_tapt_citation_intent_1688,model,citation_intent,1,128,10.0,,finetuning,v01,0.3523101397280423,0.8160396814346313,0.7816819538082195,ACL-ARC,0.7410224329744036,0.7378183031004973,0.7489438502531613,0.7410224329744036,0.7378183031004973,0.7489438502531613
dsp_roberta_base_dapt_cs_tapt_citation_intent_1688_citation_intent_training_model_v01,DAPT_TAPT,allenai/dsp_roberta_base_dapt_cs_tapt_citation_intent_1688,model,citation_intent,1,746483,10.0,,finetuning,v01,0.3773792302833413,1.027821660041809,0.7115387381168112,ACL-ARC,0.7410224329744036,0.7378183031004973,0.7489438502531613,0.7410224329744036,0.7378183031004973,0.7489438502531613
dsp_roberta_base_dapt_cs_tapt_citation_intent_1688_citation_intent_training_model_v01,DAPT_TAPT,allenai/dsp_roberta_base_dapt_cs_tapt_citation_intent_1688,model,citation_intent,1,42,10.0,,finetuning,v01,0.35032822455999985,0.8783906102180481,0.7408266336837764,ACL-ARC,0.7410224329744036,0.7378183031004973,0.7489438502531613,0.7410224329744036,0.7378183031004973,0.7489438502531613
dsp_roberta_base_dapt_cs_tapt_citation_intent_1688_citation_intent_training_model_v01,DAPT_TAPT,allenai/dsp_roberta_base_dapt_cs_tapt_citation_intent_1688,model,citation_intent,1,9091,10.0,,finetuning,v01,0.3771926470522611,0.9499884843826294,0.7358342522143163,ACL-ARC,0.7410224329744036,0.7378183031004973,0.7489438502531613,0.7410224329744036,0.7378183031004973,0.7489438502531613
dsp_roberta_base_dapt_cs_tapt_citation_intent_1688_citation_intent_training_model_v01,DAPT_TAPT,allenai/dsp_roberta_base_dapt_cs_tapt_citation_intent_1688,model,citation_intent,1,8937216,10.0,,finetuning,v01,0.3713157635814739,0.9267308115959167,0.7352305870488948,ACL-ARC,0.7410224329744036,0.7378183031004973,0.7489438502531613,0.7410224329744036,0.7378183031004973,0.7489438502531613
dsp_roberta_base_dapt_cs_tapt_citation_intent_1688_citation_intent_training_model_v01,DAPT_TAPT,allenai/dsp_roberta_base_dapt_cs_tapt_citation_intent_1688,model,citation_intent,2,128,10.0,,finetuning,v01,0.36969666436033427,0.9016136527061462,0.7379062736205594,ACL-ARC,0.7489438502531613,0.7378183031004973,0.7489438502531613,0.7489438502531613,0.7378183031004973,0.7489438502531613
dsp_roberta_base_dapt_cs_tapt_citation_intent_1688_citation_intent_training_model_v01,DAPT_TAPT,allenai/dsp_roberta_base_dapt_cs_tapt_citation_intent_1688,model,citation_intent,2,746483,10.0,,finetuning,v01,0.3563758935568468,0.8918025493621826,0.7710036414574724,ACL-ARC,0.7489438502531613,0.7378183031004973,0.7489438502531613,0.7489438502531613,0.7378183031004973,0.7489438502531613
dsp_roberta_base_dapt_cs_tapt_citation_intent_1688_citation_intent_training_model_v01,DAPT_TAPT,allenai/dsp_roberta_base_dapt_cs_tapt_citation_intent_1688,model,citation_intent,2,42,10.0,,finetuning,v01,0.3581238071873503,0.8776047229766846,0.7792470433586468,ACL-ARC,0.7489438502531613,0.7378183031004973,0.7489438502531613,0.7489438502531613,0.7378183031004973,0.7489438502531613
dsp_roberta_base_dapt_cs_tapt_citation_intent_1688_citation_intent_training_model_v01,DAPT_TAPT,allenai/dsp_roberta_base_dapt_cs_tapt_citation_intent_1688,model,citation_intent,2,9091,10.0,,finetuning,v01,0.382519797109208,1.0231081247329712,0.722012715422408,ACL-ARC,0.7489438502531613,0.7378183031004973,0.7489438502531613,0.7489438502531613,0.7378183031004973,0.7489438502531613
dsp_roberta_base_dapt_cs_tapt_citation_intent_1688_citation_intent_training_model_v01,DAPT_TAPT,allenai/dsp_roberta_base_dapt_cs_tapt_citation_intent_1688,model,citation_intent,2,8937216,10.0,,finetuning,v01,0.3885591129087052,0.9559409618377686,0.7345495774067201,ACL-ARC,0.7489438502531613,0.7378183031004973,0.7489438502531613,0.7489438502531613,0.7378183031004973,0.7489438502531613
dsp_roberta_base_dapt_cs_tapt_citation_intent_1688_citation_intent_training_model_v01,DAPT_TAPT,allenai/dsp_roberta_base_dapt_cs_tapt_citation_intent_1688,model,citation_intent,3,128,10.0,,finetuning,v01,0.3535731333606648,0.9263854622840881,0.7383352258098629,ACL-ARC,0.7415650924309605,0.7378183031004973,0.7489438502531613,0.7415650924309605,0.7378183031004973,0.7489438502531613
dsp_roberta_base_dapt_cs_tapt_citation_intent_1688_citation_intent_training_model_v01,DAPT_TAPT,allenai/dsp_roberta_base_dapt_cs_tapt_citation_intent_1688,model,citation_intent,3,746483,10.0,,finetuning,v01,0.3605084365268923,0.9134308695793152,0.7661122008485091,ACL-ARC,0.7415650924309605,0.7378183031004973,0.7489438502531613,0.7415650924309605,0.7378183031004973,0.7489438502531613
dsp_roberta_base_dapt_cs_tapt_citation_intent_1688_citation_intent_training_model_v01,DAPT_TAPT,allenai/dsp_roberta_base_dapt_cs_tapt_citation_intent_1688,model,citation_intent,3,42,10.0,,finetuning,v01,0.3531875434911476,0.8841660618782043,0.7133810887235544,ACL-ARC,0.7415650924309605,0.7378183031004973,0.7489438502531613,0.7415650924309605,0.7378183031004973,0.7489438502531613
dsp_roberta_base_dapt_cs_tapt_citation_intent_1688_citation_intent_training_model_v01,DAPT_TAPT,allenai/dsp_roberta_base_dapt_cs_tapt_citation_intent_1688,model,citation_intent,3,9091,10.0,,finetuning,v01,0.3813895990263741,0.9391114115715027,0.751479538979539,ACL-ARC,0.7415650924309605,0.7378183031004973,0.7489438502531613,0.7415650924309605,0.7378183031004973,0.7489438502531613
dsp_roberta_base_dapt_cs_tapt_citation_intent_1688_citation_intent_training_model_v01,DAPT_TAPT,allenai/dsp_roberta_base_dapt_cs_tapt_citation_intent_1688,model,citation_intent,3,8937216,10.0,,finetuning,v01,0.3825816964203457,0.8617504835128784,0.7385174077933373,ACL-ARC,0.7415650924309605,0.7378183031004973,0.7489438502531613,0.7415650924309605,0.7378183031004973,0.7489438502531613
roberta-base_citation_intent_seq_bn_training_adapter_v01,ROBERTA_SEQ_BN,roberta-base,adapter,citation_intent,4,128,11.0,seq_bn,adapter_citation_intent,v01,0.9513600580074775,0.8724692463874817,0.523906175002103,ACL-ARC,0.48718026077885346,0.3693438009273504,0.6712343784193966,0.48718026077885346,0.3693438009273504,0.6712343784193966
roberta-base_citation_intent_seq_bn_training_adapter_v01,ROBERTA_SEQ_BN,roberta-base,adapter,citation_intent,4,746483,11.0,seq_bn,adapter_citation_intent,v01,0.9746086683322389,0.9106698632240295,0.3753246753246753,ACL-ARC,0.48718026077885346,0.3693438009273504,0.6712343784193966,0.48718026077885346,0.3693438009273504,0.6712343784193966
roberta-base_citation_intent_seq_bn_training_adapter_v01,ROBERTA_SEQ_BN,roberta-base,adapter,citation_intent,4,42,11.0,seq_bn,adapter_citation_intent,v01,0.9407503772558928,0.8916399478912354,0.47777028040185937,ACL-ARC,0.48718026077885346,0.3693438009273504,0.6712343784193966,0.48718026077885346,0.3693438009273504,0.6712343784193966
roberta-base_citation_intent_seq_bn_training_adapter_v01,ROBERTA_SEQ_BN,roberta-base,adapter,citation_intent,4,9091,11.0,seq_bn,adapter_citation_intent,v01,0.9509554318253008,0.8998730778694153,0.5123155698737094,ACL-ARC,0.48718026077885346,0.3693438009273504,0.6712343784193966,0.48718026077885346,0.3693438009273504,0.6712343784193966
roberta-base_citation_intent_seq_bn_training_adapter_v01,ROBERTA_SEQ_BN,roberta-base,adapter,citation_intent,4,8937216,11.0,seq_bn,adapter_citation_intent,v01,0.9259171395931604,0.8676919937133789,0.5465846032919204,ACL-ARC,0.48718026077885346,0.3693438009273504,0.6712343784193966,0.48718026077885346,0.3693438009273504,0.6712343784193966
roberta-base_citation_intent_seq_bn_training_adapter_v01,ROBERTA_SEQ_BN,roberta-base,adapter,citation_intent,6,128,15.0,seq_bn,adapter_citation_intent,v01,0.37510996044806716,1.757506012916565,0.6668686868686869,ACL-ARC,0.6712343784193966,0.3693438009273504,0.6712343784193966,0.6712343784193966,0.3693438009273504,0.6712343784193966
roberta-base_citation_intent_seq_bn_training_adapter_v01,ROBERTA_SEQ_BN,roberta-base,adapter,citation_intent,6,746483,15.0,seq_bn,adapter_citation_intent,v01,0.3923175823763482,1.4810216426849365,0.6863243853488509,ACL-ARC,0.6712343784193966,0.3693438009273504,0.6712343784193966,0.6712343784193966,0.3693438009273504,0.6712343784193966
roberta-base_citation_intent_seq_bn_training_adapter_v01,ROBERTA_SEQ_BN,roberta-base,adapter,citation_intent,6,42,15.0,seq_bn,adapter_citation_intent,v01,0.37183445594595665,1.7565808296203613,0.6578496136986703,ACL-ARC,0.6712343784193966,0.3693438009273504,0.6712343784193966,0.6712343784193966,0.3693438009273504,0.6712343784193966
roberta-base_citation_intent_seq_bn_training_adapter_v01,ROBERTA_SEQ_BN,roberta-base,adapter,citation_intent,6,9091,15.0,seq_bn,adapter_citation_intent,v01,0.36849907119319125,1.6572983264923096,0.650876203766886,ACL-ARC,0.6712343784193966,0.3693438009273504,0.6712343784193966,0.6712343784193966,0.3693438009273504,0.6712343784193966
roberta-base_citation_intent_seq_bn_training_adapter_v01,ROBERTA_SEQ_BN,roberta-base,adapter,citation_intent,6,8937216,15.0,seq_bn,adapter_citation_intent,v01,0.3545115764785863,1.5977519750595093,0.6942530024138884,ACL-ARC,0.6712343784193966,0.3693438009273504,0.6712343784193966,0.6712343784193966,0.3693438009273504,0.6712343784193966
roberta-base_citation_intent_seq_bn_training_adapter_v01,ROBERTA_SEQ_BN,roberta-base,adapter,citation_intent,5,128,8.0,seq_bn,adapter_citation_intent,v01,1.2853411008726876,1.1593334674835205,0.19725400457665906,ACL-ARC,0.2300151011646153,0.3693438009273504,0.6712343784193966,0.2300151011646153,0.3693438009273504,0.6712343784193966
roberta-base_citation_intent_seq_bn_training_adapter_v01,ROBERTA_SEQ_BN,roberta-base,adapter,citation_intent,5,746483,8.0,seq_bn,adapter_citation_intent,v01,1.2526048714259885,1.0885432958602905,0.23594535617134485,ACL-ARC,0.2300151011646153,0.3693438009273504,0.6712343784193966,0.2300151011646153,0.3693438009273504,0.6712343784193966
roberta-base_citation_intent_seq_bn_training_adapter_v01,ROBERTA_SEQ_BN,roberta-base,adapter,citation_intent,5,42,8.0,seq_bn,adapter_citation_intent,v01,1.2571467093701632,1.107403039932251,0.2329322083851599,ACL-ARC,0.2300151011646153,0.3693438009273504,0.6712343784193966,0.2300151011646153,0.3693438009273504,0.6712343784193966
roberta-base_citation_intent_seq_bn_training_adapter_v01,ROBERTA_SEQ_BN,roberta-base,adapter,citation_intent,5,9091,8.0,seq_bn,adapter_citation_intent,v01,1.229952407333086,1.0756107568740845,0.27182059555017807,ACL-ARC,0.2300151011646153,0.3693438009273504,0.6712343784193966,0.2300151011646153,0.3693438009273504,0.6712343784193966
roberta-base_citation_intent_seq_bn_training_adapter_v01,ROBERTA_SEQ_BN,roberta-base,adapter,citation_intent,5,8937216,8.0,seq_bn,adapter_citation_intent,v01,1.2761768664953843,1.1532423496246338,0.21212334113973455,ACL-ARC,0.2300151011646153,0.3693438009273504,0.6712343784193966,0.2300151011646153,0.3693438009273504,0.6712343784193966
roberta-base_citation_intent_seq_bn_training_adapter_v01,ROBERTA_SEQ_BN,roberta-base,adapter,citation_intent,7,128,7.0,seq_bn,adapter_citation_intent,v01,1.5828890724787636,1.504467248916626,0.1126984126984127,ACL-ARC,0.1126984126984127,0.3693438009273504,0.6712343784193966,0.1126984126984127,0.3693438009273504,0.6712343784193966
roberta-base_citation_intent_seq_bn_training_adapter_v01,ROBERTA_SEQ_BN,roberta-base,adapter,citation_intent,7,746483,7.0,seq_bn,adapter_citation_intent,v01,1.5810407002766926,1.4988332986831665,0.1126984126984127,ACL-ARC,0.1126984126984127,0.3693438009273504,0.6712343784193966,0.1126984126984127,0.3693438009273504,0.6712343784193966
roberta-base_citation_intent_seq_bn_training_adapter_v01,ROBERTA_SEQ_BN,roberta-base,adapter,citation_intent,7,42,7.0,seq_bn,adapter_citation_intent,v01,1.5833447774251301,1.4918525218963623,0.1126984126984127,ACL-ARC,0.1126984126984127,0.3693438009273504,0.6712343784193966,0.1126984126984127,0.3693438009273504,0.6712343784193966
roberta-base_citation_intent_seq_bn_training_adapter_v01,ROBERTA_SEQ_BN,roberta-base,adapter,citation_intent,7,9091,7.0,seq_bn,adapter_citation_intent,v01,1.635916270906963,1.5523271560668945,0.1126984126984127,ACL-ARC,0.1126984126984127,0.3693438009273504,0.6712343784193966,0.1126984126984127,0.3693438009273504,0.6712343784193966
roberta-base_citation_intent_seq_bn_training_adapter_v01,ROBERTA_SEQ_BN,roberta-base,adapter,citation_intent,7,8937216,7.0,seq_bn,adapter_citation_intent,v01,1.5874226686185,1.5044174194335938,0.1126984126984127,ACL-ARC,0.1126984126984127,0.3693438009273504,0.6712343784193966,0.1126984126984127,0.3693438009273504,0.6712343784193966
roberta-base_citation_intent_seq_bn_training_adapter_v01,ROBERTA_SEQ_BN,roberta-base,adapter,citation_intent,8,128,7.0,seq_bn,adapter_citation_intent,v01,1.5809678173569774,1.4997830390930176,0.1126984126984127,ACL-ARC,0.1126984126984127,0.3693438009273504,0.6712343784193966,0.1126984126984127,0.3693438009273504,0.6712343784193966
roberta-base_citation_intent_seq_bn_training_adapter_v01,ROBERTA_SEQ_BN,roberta-base,adapter,citation_intent,8,746483,7.0,seq_bn,adapter_citation_intent,v01,1.586083871346933,1.5027450323104858,0.1126984126984127,ACL-ARC,0.1126984126984127,0.3693438009273504,0.6712343784193966,0.1126984126984127,0.3693438009273504,0.6712343784193966
roberta-base_citation_intent_seq_bn_training_adapter_v01,ROBERTA_SEQ_BN,roberta-base,adapter,citation_intent,8,42,7.0,seq_bn,adapter_citation_intent,v01,1.5666865596064814,1.4876494407653809,0.1126984126984127,ACL-ARC,0.1126984126984127,0.3693438009273504,0.6712343784193966,0.1126984126984127,0.3693438009273504,0.6712343784193966
roberta-base_citation_intent_seq_bn_training_adapter_v01,ROBERTA_SEQ_BN,roberta-base,adapter,citation_intent,8,9091,7.0,seq_bn,adapter_citation_intent,v01,1.5775053034383784,1.4907422065734863,0.1126984126984127,ACL-ARC,0.1126984126984127,0.3693438009273504,0.6712343784193966,0.1126984126984127,0.3693438009273504,0.6712343784193966
roberta-base_citation_intent_seq_bn_training_adapter_v01,ROBERTA_SEQ_BN,roberta-base,adapter,citation_intent,8,8937216,7.0,seq_bn,adapter_citation_intent,v01,1.6003337638088004,1.5120104551315308,0.1126984126984127,ACL-ARC,0.1126984126984127,0.3693438009273504,0.6712343784193966,0.1126984126984127,0.3693438009273504,0.6712343784193966
roberta-base_citation_intent_seq_bn_training_adapter_v01,ROBERTA_SEQ_BN,roberta-base,adapter,citation_intent,0,128,13.0,seq_bn,adapter_citation_intent,v01,1.2637223083409148,1.1124604940414429,0.23261256589750237,ACL-ARC,0.2464160252853221,0.3693438009273504,0.6712343784193966,0.2464160252853221,0.3693438009273504,0.6712343784193966
roberta-base_citation_intent_seq_bn_training_adapter_v01,ROBERTA_SEQ_BN,roberta-base,adapter,citation_intent,0,746483,13.0,seq_bn,adapter_citation_intent,v01,1.22897301915704,1.0776166915893555,0.2730494601184256,ACL-ARC,0.2464160252853221,0.3693438009273504,0.6712343784193966,0.2464160252853221,0.3693438009273504,0.6712343784193966
roberta-base_citation_intent_seq_bn_training_adapter_v01,ROBERTA_SEQ_BN,roberta-base,adapter,citation_intent,0,42,13.0,seq_bn,adapter_citation_intent,v01,1.231069390930002,1.0592920780181885,0.25082506095437135,ACL-ARC,0.2464160252853221,0.3693438009273504,0.6712343784193966,0.2464160252853221,0.3693438009273504,0.6712343784193966
roberta-base_citation_intent_seq_bn_training_adapter_v01,ROBERTA_SEQ_BN,roberta-base,adapter,citation_intent,0,9091,13.0,seq_bn,adapter_citation_intent,v01,1.2213370113970548,1.0680646896362305,0.24314354450681633,ACL-ARC,0.2464160252853221,0.3693438009273504,0.6712343784193966,0.2464160252853221,0.3693438009273504,0.6712343784193966
roberta-base_citation_intent_seq_bn_training_adapter_v01,ROBERTA_SEQ_BN,roberta-base,adapter,citation_intent,0,8937216,13.0,seq_bn,adapter_citation_intent,v01,1.2619854473320506,1.0935155153274536,0.23244949494949493,ACL-ARC,0.2464160252853221,0.3693438009273504,0.6712343784193966,0.2464160252853221,0.3693438009273504,0.6712343784193966
roberta-base_citation_intent_seq_bn_training_adapter_v01,ROBERTA_SEQ_BN,roberta-base,adapter,citation_intent,1,128,14.0,seq_bn,adapter_citation_intent,v01,0.4648173735790818,1.1374939680099487,0.6838159371492706,ACL-ARC,0.6498441630804276,0.3693438009273504,0.6712343784193966,0.6498441630804276,0.3693438009273504,0.6712343784193966
roberta-base_citation_intent_seq_bn_training_adapter_v01,ROBERTA_SEQ_BN,roberta-base,adapter,citation_intent,1,746483,14.0,seq_bn,adapter_citation_intent,v01,0.5118620492056052,1.2816193103790283,0.6029013280834906,ACL-ARC,0.6498441630804276,0.3693438009273504,0.6712343784193966,0.6498441630804276,0.3693438009273504,0.6712343784193966
roberta-base_citation_intent_seq_bn_training_adapter_v01,ROBERTA_SEQ_BN,roberta-base,adapter,citation_intent,1,42,14.0,seq_bn,adapter_citation_intent,v01,0.466230943196546,1.3543457984924316,0.6084401709401709,ACL-ARC,0.6498441630804276,0.3693438009273504,0.6712343784193966,0.6498441630804276,0.3693438009273504,0.6712343784193966
roberta-base_citation_intent_seq_bn_training_adapter_v01,ROBERTA_SEQ_BN,roberta-base,adapter,citation_intent,1,9091,14.0,seq_bn,adapter_citation_intent,v01,0.44959437365159194,1.2228174209594727,0.6771888429031284,ACL-ARC,0.6498441630804276,0.3693438009273504,0.6712343784193966,0.6498441630804276,0.3693438009273504,0.6712343784193966
roberta-base_citation_intent_seq_bn_training_adapter_v01,ROBERTA_SEQ_BN,roberta-base,adapter,citation_intent,1,8937216,14.0,seq_bn,adapter_citation_intent,v01,0.4457462785057623,1.2356992959976196,0.6768745363260774,ACL-ARC,0.6498441630804276,0.3693438009273504,0.6712343784193966,0.6498441630804276,0.3693438009273504,0.6712343784193966
roberta-base_citation_intent_seq_bn_training_adapter_v01,ROBERTA_SEQ_BN,roberta-base,adapter,citation_intent,2,128,7.0,seq_bn,adapter_citation_intent,v01,1.1736553737095423,1.0167807340621948,0.2796624050861339,ACL-ARC,0.28666515162458445,0.3693438009273504,0.6712343784193966,0.28666515162458445,0.3693438009273504,0.6712343784193966
roberta-base_citation_intent_seq_bn_training_adapter_v01,ROBERTA_SEQ_BN,roberta-base,adapter,citation_intent,2,746483,7.0,seq_bn,adapter_citation_intent,v01,1.1259166995148775,1.0080195665359497,0.27554689192116094,ACL-ARC,0.28666515162458445,0.3693438009273504,0.6712343784193966,0.28666515162458445,0.3693438009273504,0.6712343784193966
roberta-base_citation_intent_seq_bn_training_adapter_v01,ROBERTA_SEQ_BN,roberta-base,adapter,citation_intent,2,42,7.0,seq_bn,adapter_citation_intent,v01,1.1319338754823587,0.9861675500869751,0.2900575125287381,ACL-ARC,0.28666515162458445,0.3693438009273504,0.6712343784193966,0.28666515162458445,0.3693438009273504,0.6712343784193966
roberta-base_citation_intent_seq_bn_training_adapter_v01,ROBERTA_SEQ_BN,roberta-base,adapter,citation_intent,2,9091,7.0,seq_bn,adapter_citation_intent,v01,1.135790421313674,0.9926208853721619,0.30226480836236935,ACL-ARC,0.28666515162458445,0.3693438009273504,0.6712343784193966,0.28666515162458445,0.3693438009273504,0.6712343784193966
roberta-base_citation_intent_seq_bn_training_adapter_v01,ROBERTA_SEQ_BN,roberta-base,adapter,citation_intent,2,8937216,7.0,seq_bn,adapter_citation_intent,v01,1.1249188631371347,0.9845471382141113,0.28579414022451993,ACL-ARC,0.28666515162458445,0.3693438009273504,0.6712343784193966,0.28666515162458445,0.3693438009273504,0.6712343784193966
roberta-base_citation_intent_seq_bn_training_adapter_v01,ROBERTA_SEQ_BN,roberta-base,adapter,citation_intent,3,128,11.0,seq_bn,adapter_citation_intent,v01,0.7404662495108967,0.7661826610565186,0.6258818958818958,ACL-ARC,0.5712354346405041,0.3693438009273504,0.6712343784193966,0.5712354346405041,0.3693438009273504,0.6712343784193966
roberta-base_citation_intent_seq_bn_training_adapter_v01,ROBERTA_SEQ_BN,roberta-base,adapter,citation_intent,3,746483,11.0,seq_bn,adapter_citation_intent,v01,0.7945044931739268,0.8863334655761719,0.5420775423975513,ACL-ARC,0.5712354346405041,0.3693438009273504,0.6712343784193966,0.5712354346405041,0.3693438009273504,0.6712343784193966
roberta-base_citation_intent_seq_bn_training_adapter_v01,ROBERTA_SEQ_BN,roberta-base,adapter,citation_intent,3,42,11.0,seq_bn,adapter_citation_intent,v01,0.7804749228737571,0.8885375261306763,0.5934500365534848,ACL-ARC,0.5712354346405041,0.3693438009273504,0.6712343784193966,0.5712354346405041,0.3693438009273504,0.6712343784193966
roberta-base_citation_intent_seq_bn_training_adapter_v01,ROBERTA_SEQ_BN,roberta-base,adapter,citation_intent,3,9091,11.0,seq_bn,adapter_citation_intent,v01,0.7952233484698465,0.8853142857551575,0.551064576095038,ACL-ARC,0.5712354346405041,0.3693438009273504,0.6712343784193966,0.5712354346405041,0.3693438009273504,0.6712343784193966
roberta-base_citation_intent_seq_bn_training_adapter_v01,ROBERTA_SEQ_BN,roberta-base,adapter,citation_intent,3,8937216,11.0,seq_bn,adapter_citation_intent,v01,0.7550050562078302,0.9106931686401367,0.5437031222745508,ACL-ARC,0.5712354346405041,0.3693438009273504,0.6712343784193966,0.5712354346405041,0.3693438009273504,0.6712343784193966
roberta-base_citation_intent_seq_bn_training_adapter_v01,ROBERTA_SEQ_BN,roberta-base,adapter,citation_intent,9,128,6.0,seq_bn,adapter_citation_intent,v01,1.0776646452130012,0.9178139567375183,0.3043437670378586,ACL-ARC,0.3254506688829749,0.3693438009273504,0.6712343784193966,0.3254506688829749,0.3693438009273504,0.6712343784193966
roberta-base_citation_intent_seq_bn_training_adapter_v01,ROBERTA_SEQ_BN,roberta-base,adapter,citation_intent,9,746483,6.0,seq_bn,adapter_citation_intent,v01,1.0797658356480628,0.9626045227050781,0.2996788685808583,ACL-ARC,0.3254506688829749,0.3693438009273504,0.6712343784193966,0.3254506688829749,0.3693438009273504,0.6712343784193966
roberta-base_citation_intent_seq_bn_training_adapter_v01,ROBERTA_SEQ_BN,roberta-base,adapter,citation_intent,9,42,6.0,seq_bn,adapter_citation_intent,v01,1.057031343568046,0.9189053773880005,0.33931962590133496,ACL-ARC,0.3254506688829749,0.3693438009273504,0.6712343784193966,0.3254506688829749,0.3693438009273504,0.6712343784193966
roberta-base_citation_intent_seq_bn_training_adapter_v01,ROBERTA_SEQ_BN,roberta-base,adapter,citation_intent,9,9091,6.0,seq_bn,adapter_citation_intent,v01,1.0651185737465911,0.9257808327674866,0.35650738150738154,ACL-ARC,0.3254506688829749,0.3693438009273504,0.6712343784193966,0.3254506688829749,0.3693438009273504,0.6712343784193966
roberta-base_citation_intent_seq_bn_training_adapter_v01,ROBERTA_SEQ_BN,roberta-base,adapter,citation_intent,9,8937216,6.0,seq_bn,adapter_citation_intent,v01,1.1008828600997445,0.9709257483482361,0.3274037013874413,ACL-ARC,0.3254506688829749,0.3693438009273504,0.6712343784193966,0.3254506688829749,0.3693438009273504,0.6712343784193966
roberta-base_sciie_training_model_v01,ROBERTA,roberta-base,model,sciie,4,128,10.0,,finetuning,v01,0.293824835106878,0.81046062707901,0.7939403957376253,SCIERC,0.8002378659621054,0.794529921192977,0.8002378659621054,0.8002378659621054,0.794529921192977,0.8002378659621054
roberta-base_sciie_training_model_v01,ROBERTA,roberta-base,model,sciie,4,746483,10.0,,finetuning,v01,0.28286970440704046,0.7901537418365479,0.8055064597548538,SCIERC,0.8002378659621054,0.794529921192977,0.8002378659621054,0.8002378659621054,0.794529921192977,0.8002378659621054
roberta-base_sciie_training_model_v01,ROBERTA,roberta-base,model,sciie,4,42,10.0,,finetuning,v01,0.3126696515791487,0.7984400987625122,0.789166019006234,SCIERC,0.8002378659621054,0.794529921192977,0.8002378659621054,0.8002378659621054,0.794529921192977,0.8002378659621054
roberta-base_sciie_training_model_v01,ROBERTA,roberta-base,model,sciie,4,9091,10.0,,finetuning,v01,0.2847647640964772,0.8040645122528076,0.7937731659450016,SCIERC,0.8002378659621054,0.794529921192977,0.8002378659621054,0.8002378659621054,0.794529921192977,0.8002378659621054
roberta-base_sciie_training_model_v01,ROBERTA,roberta-base,model,sciie,4,8937216,10.0,,finetuning,v01,0.2701765307105414,0.7057881951332092,0.8188032893668128,SCIERC,0.8002378659621054,0.794529921192977,0.8002378659621054,0.8002378659621054,0.794529921192977,0.8002378659621054
roberta-base_sciie_training_model_v01,ROBERTA,roberta-base,model,sciie,0,128,10.0,,finetuning,v01,0.3382185275011724,0.7985292077064514,0.7815684569537106,SCIERC,0.7901747154568229,0.794529921192977,0.8002378659621054,0.7901747154568229,0.794529921192977,0.8002378659621054
roberta-base_sciie_training_model_v01,ROBERTA,roberta-base,model,sciie,0,746483,10.0,,finetuning,v01,0.26182869566549166,0.7135439515113831,0.8046139996753711,SCIERC,0.7901747154568229,0.794529921192977,0.8002378659621054,0.7901747154568229,0.794529921192977,0.8002378659621054
roberta-base_sciie_training_model_v01,ROBERTA,roberta-base,model,sciie,0,42,10.0,,finetuning,v01,0.33559184688152655,0.884467601776123,0.778195462121636,SCIERC,0.7901747154568229,0.794529921192977,0.8002378659621054,0.7901747154568229,0.794529921192977,0.8002378659621054
roberta-base_sciie_training_model_v01,ROBERTA,roberta-base,model,sciie,0,9091,10.0,,finetuning,v01,0.29806509277608134,0.7782104015350342,0.7864578187808356,SCIERC,0.7901747154568229,0.794529921192977,0.8002378659621054,0.7901747154568229,0.794529921192977,0.8002378659621054
roberta-base_sciie_training_model_v01,ROBERTA,roberta-base,model,sciie,0,8937216,10.0,,finetuning,v01,0.2893791087783209,0.803510308265686,0.8000378397525615,SCIERC,0.7901747154568229,0.794529921192977,0.8002378659621054,0.7901747154568229,0.794529921192977,0.8002378659621054
roberta-base_sciie_training_model_v01,ROBERTA,roberta-base,model,sciie,1,128,10.0,,finetuning,v01,0.2787188751862781,0.693093478679657,0.8167763020951938,SCIERC,0.7949115375082948,0.794529921192977,0.8002378659621054,0.7949115375082948,0.794529921192977,0.8002378659621054
roberta-base_sciie_training_model_v01,ROBERTA,roberta-base,model,sciie,1,746483,10.0,,finetuning,v01,0.33586076391805514,0.8998882174491882,0.768846704839755,SCIERC,0.7949115375082948,0.794529921192977,0.8002378659621054,0.7949115375082948,0.794529921192977,0.8002378659621054
roberta-base_sciie_training_model_v01,ROBERTA,roberta-base,model,sciie,1,42,10.0,,finetuning,v01,0.2948274407056299,0.7702901363372803,0.7902900715397579,SCIERC,0.7949115375082948,0.794529921192977,0.8002378659621054,0.7949115375082948,0.794529921192977,0.8002378659621054
roberta-base_sciie_training_model_v01,ROBERTA,roberta-base,model,sciie,1,9091,10.0,,finetuning,v01,0.3082125479632085,0.810413658618927,0.804072972489645,SCIERC,0.7949115375082948,0.794529921192977,0.8002378659621054,0.7949115375082948,0.794529921192977,0.8002378659621054
roberta-base_sciie_training_model_v01,ROBERTA,roberta-base,model,sciie,1,8937216,10.0,,finetuning,v01,0.29507174421064924,0.7785453200340271,0.794571636577122,SCIERC,0.7949115375082948,0.794529921192977,0.8002378659621054,0.7949115375082948,0.794529921192977,0.8002378659621054
roberta-base_sciie_training_model_v01,ROBERTA,roberta-base,model,sciie,2,128,10.0,,finetuning,v01,0.2960618266964903,0.7649643421173096,0.7961784796840078,SCIERC,0.7915557699079535,0.794529921192977,0.8002378659621054,0.7915557699079535,0.794529921192977,0.8002378659621054
roberta-base_sciie_training_model_v01,ROBERTA,roberta-base,model,sciie,2,746483,10.0,,finetuning,v01,0.28758939398397315,0.8586330413818359,0.7830784398401475,SCIERC,0.7915557699079535,0.794529921192977,0.8002378659621054,0.7915557699079535,0.794529921192977,0.8002378659621054
roberta-base_sciie_training_model_v01,ROBERTA,roberta-base,model,sciie,2,42,10.0,,finetuning,v01,0.3766605273331746,0.8737788200378418,0.7735070093508349,SCIERC,0.7915557699079535,0.794529921192977,0.8002378659621054,0.7915557699079535,0.794529921192977,0.8002378659621054
roberta-base_sciie_training_model_v01,ROBERTA,roberta-base,model,sciie,2,9091,10.0,,finetuning,v01,0.2894336063082856,0.7740569114685059,0.8030800657632964,SCIERC,0.7915557699079535,0.794529921192977,0.8002378659621054,0.7915557699079535,0.794529921192977,0.8002378659621054
roberta-base_sciie_training_model_v01,ROBERTA,roberta-base,model,sciie,2,8937216,10.0,,finetuning,v01,0.30382848706575905,0.7529828548431396,0.801934854901481,SCIERC,0.7915557699079535,0.794529921192977,0.8002378659621054,0.7915557699079535,0.794529921192977,0.8002378659621054
roberta-base_sciie_training_model_v01,ROBERTA,roberta-base,model,sciie,3,128,10.0,,finetuning,v01,0.3103285522744207,0.7614300847053528,0.7894392592575104,SCIERC,0.7957697171297087,0.794529921192977,0.8002378659621054,0.7957697171297087,0.794529921192977,0.8002378659621054
roberta-base_sciie_training_model_v01,ROBERTA,roberta-base,model,sciie,3,746483,10.0,,finetuning,v01,0.2711220609079493,0.8512586951255798,0.7920892607742529,SCIERC,0.7957697171297087,0.794529921192977,0.8002378659621054,0.7957697171297087,0.794529921192977,0.8002378659621054
roberta-base_sciie_training_model_v01,ROBERTA,roberta-base,model,sciie,3,42,10.0,,finetuning,v01,0.312253988615357,0.8302671909332275,0.7972250250794787,SCIERC,0.7957697171297087,0.794529921192977,0.8002378659621054,0.7957697171297087,0.794529921192977,0.8002378659621054
roberta-base_sciie_training_model_v01,ROBERTA,roberta-base,model,sciie,3,9091,10.0,,finetuning,v01,0.2855218216924384,0.7762620449066162,0.8095398539393807,SCIERC,0.7957697171297087,0.794529921192977,0.8002378659621054,0.7957697171297087,0.794529921192977,0.8002378659621054
roberta-base_sciie_training_model_v01,ROBERTA,roberta-base,model,sciie,3,8937216,10.0,,finetuning,v01,0.2928415055322175,0.7897053956985474,0.7905551865979207,SCIERC,0.7957697171297087,0.794529921192977,0.8002378659621054,0.7957697171297087,0.794529921192977,0.8002378659621054
dsp_roberta_base_tapt_citation_intent_1688_citation_intent_training_model_v01,TAPT,allenai/dsp_roberta_base_tapt_citation_intent_1688,model,citation_intent,4,128,10.0,,finetuning,v01,0.3882986050731731,0.9792286157608032,0.671029713052819,ACL-ARC,0.6677979159228474,0.6847650236676462,0.6949014170668122,0.6677979159228474,0.6847650236676462,0.6949014170668122
dsp_roberta_base_tapt_citation_intent_1688_citation_intent_training_model_v01,TAPT,allenai/dsp_roberta_base_tapt_citation_intent_1688,model,citation_intent,4,746483,10.0,,finetuning,v01,0.3754827967229879,1.1721380949020386,0.6448519019947592,ACL-ARC,0.6677979159228474,0.6847650236676462,0.6949014170668122,0.6677979159228474,0.6847650236676462,0.6949014170668122
dsp_roberta_base_tapt_citation_intent_1688_citation_intent_training_model_v01,TAPT,allenai/dsp_roberta_base_tapt_citation_intent_1688,model,citation_intent,4,42,10.0,,finetuning,v01,0.39969459029863463,1.1284939050674438,0.6638688472021805,ACL-ARC,0.6677979159228474,0.6847650236676462,0.6949014170668122,0.6677979159228474,0.6847650236676462,0.6949014170668122
dsp_roberta_base_tapt_citation_intent_1688_citation_intent_training_model_v01,TAPT,allenai/dsp_roberta_base_tapt_citation_intent_1688,model,citation_intent,4,9091,10.0,,finetuning,v01,0.4210005157398728,0.9785709381103516,0.671549773755656,ACL-ARC,0.6677979159228474,0.6847650236676462,0.6949014170668122,0.6677979159228474,0.6847650236676462,0.6949014170668122
dsp_roberta_base_tapt_citation_intent_1688_citation_intent_training_model_v01,TAPT,allenai/dsp_roberta_base_tapt_citation_intent_1688,model,citation_intent,4,8937216,10.0,,finetuning,v01,0.40066547618722015,1.1181033849716187,0.6876893436088226,ACL-ARC,0.6677979159228474,0.6847650236676462,0.6949014170668122,0.6677979159228474,0.6847650236676462,0.6949014170668122
dsp_roberta_base_tapt_citation_intent_1688_citation_intent_training_model_v01,TAPT,allenai/dsp_roberta_base_tapt_citation_intent_1688,model,citation_intent,0,128,10.0,,finetuning,v01,0.3999204973004899,1.0555198192596436,0.7147665642659384,ACL-ARC,0.6940539862295265,0.6847650236676462,0.6949014170668122,0.6940539862295265,0.6847650236676462,0.6949014170668122
dsp_roberta_base_tapt_citation_intent_1688_citation_intent_training_model_v01,TAPT,allenai/dsp_roberta_base_tapt_citation_intent_1688,model,citation_intent,0,746483,10.0,,finetuning,v01,0.3763982831307177,1.2291065454483032,0.651534474090255,ACL-ARC,0.6940539862295265,0.6847650236676462,0.6949014170668122,0.6940539862295265,0.6847650236676462,0.6949014170668122
dsp_roberta_base_tapt_citation_intent_1688_citation_intent_training_model_v01,TAPT,allenai/dsp_roberta_base_tapt_citation_intent_1688,model,citation_intent,0,42,10.0,,finetuning,v01,0.39780009197738936,1.0510668754577637,0.6923314339981007,ACL-ARC,0.6940539862295265,0.6847650236676462,0.6949014170668122,0.6940539862295265,0.6847650236676462,0.6949014170668122
dsp_roberta_base_tapt_citation_intent_1688_citation_intent_training_model_v01,TAPT,allenai/dsp_roberta_base_tapt_citation_intent_1688,model,citation_intent,0,9091,10.0,,finetuning,v01,0.39846892806718937,0.9311951398849487,0.7383558226643334,ACL-ARC,0.6940539862295265,0.6847650236676462,0.6949014170668122,0.6940539862295265,0.6847650236676462,0.6949014170668122
dsp_roberta_base_tapt_citation_intent_1688_citation_intent_training_model_v01,TAPT,allenai/dsp_roberta_base_tapt_citation_intent_1688,model,citation_intent,0,8937216,10.0,,finetuning,v01,0.40219899663385356,1.0134392976760864,0.6732816361290053,ACL-ARC,0.6940539862295265,0.6847650236676462,0.6949014170668122,0.6940539862295265,0.6847650236676462,0.6949014170668122
dsp_roberta_base_tapt_citation_intent_1688_citation_intent_training_model_v01,TAPT,allenai/dsp_roberta_base_tapt_citation_intent_1688,model,citation_intent,1,128,10.0,,finetuning,v01,0.39079167393018616,0.9281684160232544,0.743090898220598,ACL-ARC,0.6943964742588922,0.6847650236676462,0.6949014170668122,0.6943964742588922,0.6847650236676462,0.6949014170668122
dsp_roberta_base_tapt_citation_intent_1688_citation_intent_training_model_v01,TAPT,allenai/dsp_roberta_base_tapt_citation_intent_1688,model,citation_intent,1,746483,10.0,,finetuning,v01,0.4016386126572231,1.0508043766021729,0.7194348861015528,ACL-ARC,0.6943964742588922,0.6847650236676462,0.6949014170668122,0.6943964742588922,0.6847650236676462,0.6949014170668122
dsp_roberta_base_tapt_citation_intent_1688_citation_intent_training_model_v01,TAPT,allenai/dsp_roberta_base_tapt_citation_intent_1688,model,citation_intent,1,42,10.0,,finetuning,v01,0.3865026716916066,1.074281096458435,0.6745116876069256,ACL-ARC,0.6943964742588922,0.6847650236676462,0.6949014170668122,0.6943964742588922,0.6847650236676462,0.6949014170668122
dsp_roberta_base_tapt_citation_intent_1688_citation_intent_training_model_v01,TAPT,allenai/dsp_roberta_base_tapt_citation_intent_1688,model,citation_intent,1,9091,10.0,,finetuning,v01,0.4303100909826891,1.1080809831619263,0.6390494426208712,ACL-ARC,0.6943964742588922,0.6847650236676462,0.6949014170668122,0.6943964742588922,0.6847650236676462,0.6949014170668122
dsp_roberta_base_tapt_citation_intent_1688_citation_intent_training_model_v01,TAPT,allenai/dsp_roberta_base_tapt_citation_intent_1688,model,citation_intent,1,8937216,10.0,,finetuning,v01,0.3906351332394582,0.9521164894104004,0.6958954567445131,ACL-ARC,0.6943964742588922,0.6847650236676462,0.6949014170668122,0.6943964742588922,0.6847650236676462,0.6949014170668122
dsp_roberta_base_tapt_citation_intent_1688_citation_intent_training_model_v01,TAPT,allenai/dsp_roberta_base_tapt_citation_intent_1688,model,citation_intent,2,128,10.0,,finetuning,v01,0.39790500694850706,0.9940464496612549,0.6574633096372225,ACL-ARC,0.6726753248601527,0.6847650236676462,0.6949014170668122,0.6726753248601527,0.6847650236676462,0.6949014170668122
dsp_roberta_base_tapt_citation_intent_1688_citation_intent_training_model_v01,TAPT,allenai/dsp_roberta_base_tapt_citation_intent_1688,model,citation_intent,2,746483,10.0,,finetuning,v01,0.39170060067806606,1.162053108215332,0.6830917513876164,ACL-ARC,0.6726753248601527,0.6847650236676462,0.6949014170668122,0.6726753248601527,0.6847650236676462,0.6949014170668122
dsp_roberta_base_tapt_citation_intent_1688_citation_intent_training_model_v01,TAPT,allenai/dsp_roberta_base_tapt_citation_intent_1688,model,citation_intent,2,42,10.0,,finetuning,v01,0.41608623738558786,1.0450506210327148,0.6711768227048588,ACL-ARC,0.6726753248601527,0.6847650236676462,0.6949014170668122,0.6726753248601527,0.6847650236676462,0.6949014170668122
dsp_roberta_base_tapt_citation_intent_1688_citation_intent_training_model_v01,TAPT,allenai/dsp_roberta_base_tapt_citation_intent_1688,model,citation_intent,2,9091,10.0,,finetuning,v01,0.39106494975539874,1.0529404878616333,0.6731637858996349,ACL-ARC,0.6726753248601527,0.6847650236676462,0.6949014170668122,0.6726753248601527,0.6847650236676462,0.6949014170668122
dsp_roberta_base_tapt_citation_intent_1688_citation_intent_training_model_v01,TAPT,allenai/dsp_roberta_base_tapt_citation_intent_1688,model,citation_intent,2,8937216,10.0,,finetuning,v01,0.3903336893837407,1.0402090549468994,0.6784809546714309,ACL-ARC,0.6726753248601527,0.6847650236676462,0.6949014170668122,0.6726753248601527,0.6847650236676462,0.6949014170668122
dsp_roberta_base_tapt_citation_intent_1688_citation_intent_training_model_v01,TAPT,allenai/dsp_roberta_base_tapt_citation_intent_1688,model,citation_intent,3,128,10.0,,finetuning,v01,0.40144323447965224,1.038650631904602,0.7198209269505208,ACL-ARC,0.6949014170668122,0.6847650236676462,0.6949014170668122,0.6949014170668122,0.6847650236676462,0.6949014170668122
dsp_roberta_base_tapt_citation_intent_1688_citation_intent_training_model_v01,TAPT,allenai/dsp_roberta_base_tapt_citation_intent_1688,model,citation_intent,3,746483,10.0,,finetuning,v01,0.38690572099865606,0.9874969124794006,0.6724941724941723,ACL-ARC,0.6949014170668122,0.6847650236676462,0.6949014170668122,0.6949014170668122,0.6847650236676462,0.6949014170668122
dsp_roberta_base_tapt_citation_intent_1688_citation_intent_training_model_v01,TAPT,allenai/dsp_roberta_base_tapt_citation_intent_1688,model,citation_intent,3,42,10.0,,finetuning,v01,0.41054716784999057,0.9942007660865784,0.7138831728956178,ACL-ARC,0.6949014170668122,0.6847650236676462,0.6949014170668122,0.6949014170668122,0.6847650236676462,0.6949014170668122
dsp_roberta_base_tapt_citation_intent_1688_citation_intent_training_model_v01,TAPT,allenai/dsp_roberta_base_tapt_citation_intent_1688,model,citation_intent,3,9091,10.0,,finetuning,v01,0.39527014066588206,0.9328342080116272,0.6962211202091262,ACL-ARC,0.6949014170668122,0.6847650236676462,0.6949014170668122,0.6949014170668122,0.6847650236676462,0.6949014170668122
dsp_roberta_base_tapt_citation_intent_1688_citation_intent_training_model_v01,TAPT,allenai/dsp_roberta_base_tapt_citation_intent_1688,model,citation_intent,3,8937216,10.0,,finetuning,v01,0.39658423909601176,1.0928040742874146,0.6720876927846238,ACL-ARC,0.6949014170668122,0.6847650236676462,0.6949014170668122,0.6949014170668122,0.6847650236676462,0.6949014170668122
dsp_roberta_base_tapt_sciie_3219_sciie_training_model_v01,TAPT,allenai/dsp_roberta_base_tapt_sciie_3219,model,sciie,4,128,10.0,,finetuning,v01,0.29208701388670666,0.6976605653762817,0.8042595542416081,SCIERC,0.800981904707957,0.7997918017106591,0.8094903521132835,0.800981904707957,0.7997918017106591,0.8094903521132835
dsp_roberta_base_tapt_sciie_3219_sciie_training_model_v01,TAPT,allenai/dsp_roberta_base_tapt_sciie_3219,model,sciie,4,746483,10.0,,finetuning,v01,0.27259928944087264,0.740129828453064,0.8013133604215765,SCIERC,0.800981904707957,0.7997918017106591,0.8094903521132835,0.800981904707957,0.7997918017106591,0.8094903521132835
dsp_roberta_base_tapt_sciie_3219_sciie_training_model_v01,TAPT,allenai/dsp_roberta_base_tapt_sciie_3219,model,sciie,4,42,10.0,,finetuning,v01,0.2800032034958943,0.8042502403259277,0.7978340431980809,SCIERC,0.800981904707957,0.7997918017106591,0.8094903521132835,0.800981904707957,0.7997918017106591,0.8094903521132835
dsp_roberta_base_tapt_sciie_3219_sciie_training_model_v01,TAPT,allenai/dsp_roberta_base_tapt_sciie_3219,model,sciie,4,9091,10.0,,finetuning,v01,0.25758252214677263,0.8046765923500061,0.8064592806775688,SCIERC,0.800981904707957,0.7997918017106591,0.8094903521132835,0.800981904707957,0.7997918017106591,0.8094903521132835
dsp_roberta_base_tapt_sciie_3219_sciie_training_model_v01,TAPT,allenai/dsp_roberta_base_tapt_sciie_3219,model,sciie,4,8937216,10.0,,finetuning,v01,0.2711074770087063,0.7767519354820251,0.7950432850009509,SCIERC,0.800981904707957,0.7997918017106591,0.8094903521132835,0.800981904707957,0.7997918017106591,0.8094903521132835
dsp_roberta_base_tapt_sciie_3219_sciie_training_model_v01,TAPT,allenai/dsp_roberta_base_tapt_sciie_3219,model,sciie,0,128,10.0,,finetuning,v01,0.299336574101212,0.7643669843673706,0.7878156849602744,SCIERC,0.7940143603709525,0.7997918017106591,0.8094903521132835,0.7940143603709525,0.7997918017106591,0.8094903521132835
dsp_roberta_base_tapt_sciie_3219_sciie_training_model_v01,TAPT,allenai/dsp_roberta_base_tapt_sciie_3219,model,sciie,0,746483,10.0,,finetuning,v01,0.2710018500243083,0.797119140625,0.7849931827475954,SCIERC,0.7940143603709525,0.7997918017106591,0.8094903521132835,0.7940143603709525,0.7997918017106591,0.8094903521132835
dsp_roberta_base_tapt_sciie_3219_sciie_training_model_v01,TAPT,allenai/dsp_roberta_base_tapt_sciie_3219,model,sciie,0,42,10.0,,finetuning,v01,0.2842332155397623,0.7734270691871643,0.7978697932491191,SCIERC,0.7940143603709525,0.7997918017106591,0.8094903521132835,0.7940143603709525,0.7997918017106591,0.8094903521132835
dsp_roberta_base_tapt_sciie_3219_sciie_training_model_v01,TAPT,allenai/dsp_roberta_base_tapt_sciie_3219,model,sciie,0,9091,10.0,,finetuning,v01,0.2686797866726866,0.7721459865570068,0.7952405973493359,SCIERC,0.7940143603709525,0.7997918017106591,0.8094903521132835,0.7940143603709525,0.7997918017106591,0.8094903521132835
dsp_roberta_base_tapt_sciie_3219_sciie_training_model_v01,TAPT,allenai/dsp_roberta_base_tapt_sciie_3219,model,sciie,0,8937216,10.0,,finetuning,v01,0.2574920719212825,0.7409343719482422,0.8041525435484377,SCIERC,0.7940143603709525,0.7997918017106591,0.8094903521132835,0.7940143603709525,0.7997918017106591,0.8094903521132835
dsp_roberta_base_tapt_sciie_3219_sciie_training_model_v01,TAPT,allenai/dsp_roberta_base_tapt_sciie_3219,model,sciie,1,128,10.0,,finetuning,v01,0.27955684886120336,0.7356403470039368,0.797100307696906,SCIERC,0.8011363911661663,0.7997918017106591,0.8094903521132835,0.8011363911661663,0.7997918017106591,0.8094903521132835
dsp_roberta_base_tapt_sciie_3219_sciie_training_model_v01,TAPT,allenai/dsp_roberta_base_tapt_sciie_3219,model,sciie,1,746483,10.0,,finetuning,v01,0.26824279043934135,0.831127405166626,0.798026841360109,SCIERC,0.8011363911661663,0.7997918017106591,0.8094903521132835,0.8011363911661663,0.7997918017106591,0.8094903521132835
dsp_roberta_base_tapt_sciie_3219_sciie_training_model_v01,TAPT,allenai/dsp_roberta_base_tapt_sciie_3219,model,sciie,1,42,10.0,,finetuning,v01,0.2847625614392875,0.7879678606987,0.8074235099757443,SCIERC,0.8011363911661663,0.7997918017106591,0.8094903521132835,0.8011363911661663,0.7997918017106591,0.8094903521132835
dsp_roberta_base_tapt_sciie_3219_sciie_training_model_v01,TAPT,allenai/dsp_roberta_base_tapt_sciie_3219,model,sciie,1,9091,10.0,,finetuning,v01,0.26199800708506366,0.7398137450218201,0.7978043521308411,SCIERC,0.8011363911661663,0.7997918017106591,0.8094903521132835,0.8011363911661663,0.7997918017106591,0.8094903521132835
dsp_roberta_base_tapt_sciie_3219_sciie_training_model_v01,TAPT,allenai/dsp_roberta_base_tapt_sciie_3219,model,sciie,1,8937216,10.0,,finetuning,v01,0.26796177779093827,0.6920691728591919,0.8053269446672309,SCIERC,0.8011363911661663,0.7997918017106591,0.8094903521132835,0.8011363911661663,0.7997918017106591,0.8094903521132835
dsp_roberta_base_tapt_sciie_3219_sciie_training_model_v01,TAPT,allenai/dsp_roberta_base_tapt_sciie_3219,model,sciie,2,128,10.0,,finetuning,v01,0.2705052886859025,0.7331551909446716,0.8098754330896208,SCIERC,0.8094903521132835,0.7997918017106591,0.8094903521132835,0.8094903521132835,0.7997918017106591,0.8094903521132835
dsp_roberta_base_tapt_sciie_3219_sciie_training_model_v01,TAPT,allenai/dsp_roberta_base_tapt_sciie_3219,model,sciie,2,746483,10.0,,finetuning,v01,0.26863008560520585,0.7309853434562683,0.8135925856642148,SCIERC,0.8094903521132835,0.7997918017106591,0.8094903521132835,0.8094903521132835,0.7997918017106591,0.8094903521132835
dsp_roberta_base_tapt_sciie_3219_sciie_training_model_v01,TAPT,allenai/dsp_roberta_base_tapt_sciie_3219,model,sciie,2,42,10.0,,finetuning,v01,0.27631381620274914,0.7393088936805725,0.810094939608739,SCIERC,0.8094903521132835,0.7997918017106591,0.8094903521132835,0.8094903521132835,0.7997918017106591,0.8094903521132835
dsp_roberta_base_tapt_sciie_3219_sciie_training_model_v01,TAPT,allenai/dsp_roberta_base_tapt_sciie_3219,model,sciie,2,9091,10.0,,finetuning,v01,0.2665708487576777,0.7770488262176514,0.8165970949882758,SCIERC,0.8094903521132835,0.7997918017106591,0.8094903521132835,0.8094903521132835,0.7997918017106591,0.8094903521132835
dsp_roberta_base_tapt_sciie_3219_sciie_training_model_v01,TAPT,allenai/dsp_roberta_base_tapt_sciie_3219,model,sciie,2,8937216,10.0,,finetuning,v01,0.2850605306058827,0.7576852440834045,0.7972917072155667,SCIERC,0.8094903521132835,0.7997918017106591,0.8094903521132835,0.8094903521132835,0.7997918017106591,0.8094903521132835
dsp_roberta_base_tapt_sciie_3219_sciie_training_model_v01,TAPT,allenai/dsp_roberta_base_tapt_sciie_3219,model,sciie,3,128,10.0,,finetuning,v01,0.2859616645491949,0.7401455044746399,0.7891594150919231,SCIERC,0.7933360001949363,0.7997918017106591,0.8094903521132835,0.7933360001949363,0.7997918017106591,0.8094903521132835
dsp_roberta_base_tapt_sciie_3219_sciie_training_model_v01,TAPT,allenai/dsp_roberta_base_tapt_sciie_3219,model,sciie,3,746483,10.0,,finetuning,v01,0.25058220518697605,0.8478044867515564,0.7811941767921577,SCIERC,0.7933360001949363,0.7997918017106591,0.8094903521132835,0.7933360001949363,0.7997918017106591,0.8094903521132835
dsp_roberta_base_tapt_sciie_3219_sciie_training_model_v01,TAPT,allenai/dsp_roberta_base_tapt_sciie_3219,model,sciie,3,42,10.0,,finetuning,v01,0.27619768227681074,0.8520880937576294,0.7927466417481417,SCIERC,0.7933360001949363,0.7997918017106591,0.8094903521132835,0.7933360001949363,0.7997918017106591,0.8094903521132835
dsp_roberta_base_tapt_sciie_3219_sciie_training_model_v01,TAPT,allenai/dsp_roberta_base_tapt_sciie_3219,model,sciie,3,9091,10.0,,finetuning,v01,0.3002135170568334,0.7310693860054016,0.7953783128201547,SCIERC,0.7933360001949363,0.7997918017106591,0.8094903521132835,0.7933360001949363,0.7997918017106591,0.8094903521132835
dsp_roberta_base_tapt_sciie_3219_sciie_training_model_v01,TAPT,allenai/dsp_roberta_base_tapt_sciie_3219,model,sciie,3,8937216,10.0,,finetuning,v01,0.2896647054370087,0.6916444897651672,0.8082014545223043,SCIERC,0.7933360001949363,0.7997918017106591,0.8094903521132835,0.7933360001949363,0.7997918017106591,0.8094903521132835
